A,l
l,A
B,z
z,B
C,4
4,C
D,L
L,D
E,s
s,E
F,Z
Z,F
G,U
U,G
H,X
X,H
I,1
1,I
J,X
X,J
K,j
j,K
M,Y
Y,M
N,Y
Y,N
O,h
h,O
P,0
0,P
Q,b
b,Q
R,S
S,R
T,B
B,T
V,Z
Z,V
W,S
S,W
a,f
f,a
c,N
N,c
d,I
I,d
e,J
J,e
g,z
z,g
i,d
d,i
k,n
n,k
m,y
y,m
o,i
i,o
p,b
b,p
q,A
A,q
r,S
S,r
t,0
0,t
u,O
O,u
v,r
r,v
w,p
p,w
x,W
W,x
2,u
u,2
3,H
H,3
5,z
z,5
6,y
y,6
7,W
W,7
8,r
r,8
9,Z
Z,9
AA,cY
cY,AA
AB,AG
AG,AB
AC,eR
eR,AC
AD,zH
zH,AD
AE,d0
d0,AE
AF,5j
5j,AF
AH,JG
JG,AH
AI,xo
xo,AI
AJ,qp
qp,AJ
AK,Cj
Cj,AK
AL,fe
fe,AL
AM,qW
qW,AM
AN,ws
ws,AN
AO,7Y
7Y,AO
AP,ZH
ZH,AP
AQ,lW
lW,AQ
AR,Ap
Ap,AR
AS,r8
r8,AS
AT,cK
cK,AT
AU,85
85,AU
AV,4y
4y,AV
AW,uo
uo,AW
AX,8V
8V,AX
AY,rl
rl,AY
AZ,Qd
Qd,AZ
Aa,T1
T1,Aa
Ab,Ml
Ml,Ab
Ac,8E
8E,Ac
Ad,IU
IU,Ad
Ae,b7
b7,Ae
Af,gQ
gQ,Af
Ag,83
83,Ag
Ah,Nl
Nl,Ah
Ai,cN
cN,Ai
Aj,DU
DU,Aj
Ak,he
he,Ak
Al,eA
eA,Al
Am,kz
kz,Am
An,AU
AU,An
Ao,XW
XW,Ao
Aq,L1
L1,Aq
Ar,Mo
Mo,Ar
As,mw
mw,As
At,0D
0D,At
Au,sj
sj,Au
Av,sl
sl,Av
Aw,fN
fN,Aw
Ax,xY
xY,Ax
Ay,ij
ij,Ay
Az,PP
PP,Az
A0,1P
1P,A0
A1,cV
cV,A1
A2,oe
oe,A2
A3,aF
aF,A3
A4,mY
mY,A4
A5,TC
TC,A5
A6,38
38,A6
A7,8O
8O,A7
A8,zR
zR,A8
A9,DO
DO,A9
BA,RZ
RZ,BA
BB,Pq
Pq,BB
BC,om
om,BC
BD,l7
l7,BD
BE,Qs
Qs,BE
BF,WZ
WZ,BF
BG,mN
mN,BG
BH,bO
bO,BH
BI,Mt
Mt,BI
BJ,9C
9C,BJ
BK,ao
ao,BK
BL,vM
vM,BL
BM,32
32,BM
BN,ud
ud,BN
BO,9a
9a,BO
BP,X1
X1,BP
BQ,yI
yI,BQ
BR,2M
2M,BR
BS,16
16,BS
BT,HZ
HZ,BT
BU,Hx
Hx,BU
BV,i2
i2,BV
BW,Gb
Gb,BW
BX,fy
fy,BX
BY,9C
9C,BY
BZ,Ea
Ea,BZ
Ba,Hm
Hm,Ba
Bb,kC
kC,Bb
Bc,sj
sj,Bc
Bd,t1
t1,Bd
Be,K4
K4,Be
Bf,SO
SO,Bf
Bg,X9
X9,Bg
Bh,JX
JX,Bh
Bi,mU
mU,Bi
Bj,Cu
Cu,Bj
Bk,YV
YV,Bk
Bl,Vx
Vx,Bl
Bm,Ae
Ae,Bm
Bn,5k
5k,Bn
Bo,FO
FO,Bo
Bp,25
25,Bp
Bq,gU
gU,Bq
Br,H8
H8,Br
Bs,4P
4P,Bs
Bt,sw
sw,Bt
Bu,gX
gX,Bu
Bv,Jz
Jz,Bv
Bw,R5
R5,Bw
Bx,2g
2g,Bx
By,Kq
Kq,By
Bz,Is
Is,Bz
B0,EH
EH,B0
B1,up
up,B1
B2,Q9
Q9,B2
B3,WG
WG,B3
B4,7q
7q,B4
B5,tB
tB,B5
B6,5c
5c,B6
B7,aU
aU,B7
B8,e1
e1,B8
B9,0E
0E,B9
CA,qK
qK,CA
CB,Tn
Tn,CB
CC,it
it,CC
CD,4F
4F,CD
CE,AG
AG,CE
CF,ps
ps,CF
CG,Tp
Tp,CG
CH,AE
AE,CH
CI,kg
kg,CI
CJ,RV
RV,CJ
CK,Ca
Ca,CK
CL,CO
CO,CL
CM,p2
p2,CM
CN,xY
xY,CN
CP,ew
ew,CP
CQ,hv
hv,CQ
CR,TX
TX,CR
CS,vk
vk,CS
CT,hV
hV,CT
CU,MF
MF,CU
CV,eY
eY,CV
CW,08
08,CW
CX,NO
NO,CX
CY,zh
zh,CY
CZ,Hy
Hy,CZ
Cb,le
le,Cb
Cc,ir
ir,Cc
Cd,an
an,Cd
Ce,4U
4U,Ce
Cf,Vl
Vl,Cf
Cg,y5
y5,Cg
Ch,zK
zK,Ch
Ci,HO
HO,Ci
Ck,yi
yi,Ck
Cl,zb
zb,Cl
Cm,Jj
Jj,Cm
Cn,1B
1B,Cn
Co,tx
tx,Co
Cp,x5
x5,Cp
Cq,pq
pq,Cq
Cr,lI
lI,Cr
Cs,ly
ly,Cs
Ct,jk
jk,Ct
Cv,Ji
Ji,Cv
Cw,vd
vd,Cw
Cx,IG
IG,Cx
Cy,W8
W8,Cy
Cz,xF
xF,Cz
C0,2e
2e,C0
C1,NP
NP,C1
C2,dP
dP,C2
C3,Hm
Hm,C3
C4,bJ
bJ,C4
C5,VT
VT,C5
C6,KI
KI,C6
C7,Zp
Zp,C7
C8,dB
dB,C8
C9,Bz
Bz,C9
DA,K8
K8,DA
DB,1g
1g,DB
DC,jH
jH,DC
DD,Nb
Nb,DD
DE,X1
X1,DE
DF,UY
UY,DF
DG,1X
1X,DG
DH,Vp
Vp,DH
DI,Un
Un,DI
DJ,OR
OR,DJ
DK,AD
AD,DK
DL,9S
9S,DL
DM,DE
DE,DM
DN,Mx
Mx,DN
DP,dI
dI,DP
DQ,g0
g0,DQ
DR,Kw
Kw,DR
DS,dg
dg,DS
DT,fn
fn,DT
DV,Pp
Pp,DV
DW,Al
Al,DW
DX,G0
G0,DX
DY,bj
bj,DY
DZ,wh
wh,DZ
Da,vb
vb,Da
Db,cE
cE,Db
Dc,hq
hq,Dc
Dd,xS
xS,Dd
De,iv
iv,De
Df,hc
hc,Df
Dg,Yc
Yc,Dg
Dh,Ri
Ri,Dh
Di,tZ
tZ,Di
Dj,Ta
Ta,Dj
Dk,Xw
Xw,Dk
Dl,Eb
Eb,Dl
Dm,NR
NR,Dm
Dn,zA
zA,Dn
Do,De
De,Do
Dp,DO
DO,Dp
Dq,kD
kD,Dq
Dr,4b
4b,Dr
Ds,Nk
Nk,Ds
Dt,kC
kC,Dt
Du,CK
CK,Du
Dv,uS
uS,Dv
Dw,Cu
Cu,Dw
Dx,88
88,Dx
Dy,ic
ic,Dy
Dz,pv
pv,Dz
D0,sn
sn,D0
D1,xp
xp,D1
D2,1R
1R,D2
D3,wq
wq,D3
D4,P2
P2,D4
D5,sw
sw,D5
D6,IO
IO,D6
D7,Xq
Xq,D7
D8,e5
e5,D8
D9,AA
AA,D9
EA,Zg
Zg,EA
EB,cl
cl,EB
EC,iL
iL,EC
ED,yr
yr,ED
EE,Cm
Cm,EE
EF,Tn
Tn,EF
EG,D0
D0,EG
EI,3J
3J,EI
EJ,D1
D1,EJ
EK,cS
cS,EK
EL,Fi
Fi,EL
EM,hK
hK,EM
EN,zM
zM,EN
EO,MC
MC,EO
EP,o6
o6,EP
EQ,xV
xV,EQ
ER,lB
lB,ER
ES,k5
k5,ES
ET,0R
0R,ET
EU,BR
BR,EU
EV,66
66,EV
EW,l7
l7,EW
EX,iG
iG,EX
EY,uo
uo,EY
EZ,t4
t4,EZ
Ec,qw
qw,Ec
Ed,zi
zi,Ed
Ee,G7
G7,Ee
Ef,o6
o6,Ef
Eg,N9
N9,Eg
Eh,Zf
Zf,Eh
Ei,XA
XA,Ei
Ej,Tt
Tt,Ej
Ek,XE
XE,Ek
El,cE
cE,El
Em,d7
d7,Em
En,ES
ES,En
Eo,e6
e6,Eo
Ep,x4
x4,Ep
Eq,VJ
VJ,Eq
Er,h4
h4,Er
Es,uk
uk,Es
Et,sR
sR,Et
Eu,iB
iB,Eu
Ev,P0
P0,Ev
Ew,J3
J3,Ew
Ex,87
87,Ex
Ey,vF
vF,Ey
Ez,5o
5o,Ez
E0,zK
zK,E0
E1,bh
bh,E1
E2,lj
lj,E2
E3,XB
XB,E3
E4,Fz
Fz,E4
E5,1h
1h,E5
E6,MR
MR,E6
E7,6R
6R,E7
E8,95
95,E8
E9,PK
PK,E9
FA,lq
lq,FA
FB,8d
8d,FB
FC,Jz
Jz,FC
FD,IR
IR,FD
FE,jc
jc,FE
FF,wN
wN,FF
FG,RK
RK,FG
FH,uS
uS,FH
FI,dt
dt,FI
FJ,O3
O3,FJ
FK,Sx
Sx,FK
FL,nO
nO,FL
FM,mH
mH,FM
FN,iz
iz,FN
FP,dV
dV,FP
FQ,ae
ae,FQ
FR,1B
1B,FR
FS,Un
Un,FS
FT,lp
lp,FT
FU,wa
wa,FU
FV,Xp
Xp,FV
FW,p0
p0,FW
FX,Pa
Pa,FX
FY,oc
oc,FY
FZ,TT
TT,FZ
Fa,6Y
6Y,Fa
Fb,sP
sP,Fb
Fc,Yx
Yx,Fc
Fd,IN
IN,Fd
Fe,sj
sj,Fe
Ff,9d
9d,Ff
Fg,cR
cR,Fg
Fh,PV
PV,Fh
Fj,ow
ow,Fj
Fk,Ib
Ib,Fk
Fl,h5
h5,Fl
Fm,VD
VD,Fm
Fn,e2
e2,Fn
Fo,om
om,Fo
Fp,f1
f1,Fp
Fq,CG
CG,Fq
Fr,lD
lD,Fr
Fs,1O
1O,Fs
Ft,nN
nN,Ft
Fu,Mx
Mx,Fu
Fv,bs
bs,Fv
Fw,VG
VG,Fw
Fx,ox
ox,Fx
Fy,5I
5I,Fy
F0,Cg
Cg,F0
F1,84
84,F1
F2,vu
vu,F2
F3,9H
9H,F3
F4,Vq
Vq,F4
F5,C6
C6,F5
F6,zf
zf,F6
F7,Ot
Ot,F7
F8,FP
FP,F8
F9,jL
jL,F9
GA,Ir
Ir,GA
GB,LR
LR,GB
GC,Z5
Z5,GC
GD,zb
zb,GD
GE,g4
g4,GE
GF,MA
MA,GF
GG,bd
bd,GG
GH,gb
gb,GH
GI,tZ
tZ,GI
GJ,UJ
UJ,GJ
GK,mG
mG,GK
GL,Vd
Vd,GL
GM,dK
dK,GM
GN,O3
O3,GN
GO,TJ
TJ,GO
GP,r5
r5,GP
GQ,Q6
Q6,GQ
GR,kD
kD,GR
GS,Y0
Y0,GS
GT,3m
3m,GT
GU,JD
JD,GU
GV,yF
yF,GV
GW,LV
LV,GW
GX,EE
EE,GX
GY,FW
FW,GY
GZ,MG
MG,GZ
Ga,jE
jE,Ga
Gc,m2
m2,Gc
Gd,NX
NX,Gd
Ge,mw
mw,Ge
Gf,3z
3z,Gf
Gg,Dx
Dx,Gg
Gh,jg
jg,Gh
Gi,dZ
dZ,Gi
Gj,x2
x2,Gj
Gk,Sf
Sf,Gk
Gl,3H
3H,Gl
Gm,gh
gh,Gm
Gn,hS
hS,Gn
Go,72
72,Go
Gp,dh
dh,Gp
Gq,ys
ys,Gq
Gr,Bb
Bb,Gr
Gs,SQ
SQ,Gs
Gt,Zh
Zh,Gt
Gu,uu
uu,Gu
Gv,v1
v1,Gv
Gw,jP
jP,Gw
Gx,kt
kt,Gx
Gy,L3
L3,Gy
Gz,kN
kN,Gz
G1,Kv
Kv,G1
G2,L3
L3,G2
G3,zX
zX,G3
G4,qZ
qZ,G4
G5,yi
yi,G5
G6,jS
jS,G6
G8,n5
n5,G8
G9,UQ
UQ,G9
HA,ZW
ZW,HA
HB,HX
HX,HB
HC,wP
wP,HC
HD,W4
W4,HD
HE,rb
rb,HE
HF,6e
6e,HF
HG,Us
Us,HG
HH,UB
UB,HH
HI,oE
oE,HI
HJ,tf
tf,HJ
HK,Bi
Bi,HK
HL,2p
2p,HL
HM,HP
HP,HM
HN,Rd
Rd,HN
HQ,da
da,HQ
HR,mC
mC,HR
HS,T7
T7,HS
HT,Sp
Sp,HT
HU,qD
qD,HU
HV,1s
1s,HV
HW,JS
JS,HW
HY,no
no,HY
Ha,7i
7i,Ha
Hb,kF
kF,Hb
Hc,iq
iq,Hc
Hd,1S
1S,Hd
He,bS
bS,He
Hf,z4
z4,Hf
Hg,Dr
Dr,Hg
Hh,Fv
Fv,Hh
Hi,wl
wl,Hi
Hj,Rb
Rb,Hj
Hk,id
id,Hk
Hl,SD
SD,Hl
Hn,xq
xq,Hn
Ho,sU
sU,Ho
Hp,zr
zr,Hp
Hq,lZ
lZ,Hq
Hr,Ff
Ff,Hr
Hs,eb
eb,Hs
Ht,WO
WO,Ht
Hu,Kw
Kw,Hu
Hv,Aj
Aj,Hv
Hw,YP
YP,Hw
Hz,fh
fh,Hz
H0,1U
1U,H0
H1,Pm
Pm,H1
H2,oL
oL,H2
H3,4A
4A,H3
H4,pS
pS,H4
H5,TE
TE,H5
H6,ag
ag,H6
H7,65
65,H7
H9,kF
kF,H9
IA,Ub
Ub,IA
IB,kf
kf,IB
IC,gt
gt,IC
ID,YD
YD,ID
IE,7A
7A,IE
IF,hi
hi,IF
IH,Y3
Y3,IH
II,tm
tm,II
IJ,q1
q1,IJ
IK,CJ
CJ,IK
IL,yU
yU,IL
IM,Jp
Jp,IM
IP,Uh
Uh,IP
IQ,mh
mh,IQ
IS,fZ
fZ,IS
IT,KF
KF,IT
IV,5V
5V,IV
IW,9Q
9Q,IW
IX,33
33,IX
IY,kP
kP,IY
IZ,94
94,IZ
Ia,XZ
XZ,Ia
Ic,NP
NP,Ic
Id,Tk
Tk,Id
Ie,Cb
Cb,Ie
If,41
41,If
Ig,9Z
9Z,Ig
Ih,4n
4n,Ih
Ii,26
26,Ii
Ij,UB
UB,Ij
Ik,7r
7r,Ik
Il,IL
IL,Il
Im,2N
2N,Im
In,p0
p0,In
Io,ek
ek,Io
Ip,ZX
ZX,Ip
Iq,Wi
Wi,Iq
It,sD
sD,It
Iu,1g
1g,Iu
Iv,K4
K4,Iv
Iw,wL
wL,Iw
Ix,Z7
Z7,Ix
Iy,QC
QC,Iy
Iz,Eu
Eu,Iz
I0,ZI
ZI,I0
I1,hK
hK,I1
I2,Kr
Kr,I2
I3,76
76,I3
I4,hA
hA,I4
I5,GN
GN,I5
I6,et
et,I6
I7,3X
3X,I7
I8,ky
ky,I8
I9,nz
nz,I9
JA,qb
qb,JA
JB,bt
bt,JB
JC,ft
ft,JC
JE,ER
ER,JE
JF,ss
ss,JF
JH,d4
d4,JH
JI,Wp
Wp,JI
JJ,4T
4T,JJ
JK,hE
hE,JK
JL,te
te,JL
JM,K1
K1,JM
JN,GS
GS,JN
JO,eM
eM,JO
JP,MX
MX,JP
JQ,E2
E2,JQ
JR,co
co,JR
JT,xF
xF,JT
JU,3a
3a,JU
JV,r1
r1,JV
JW,u0
u0,JW
JY,Fz
Fz,JY
JZ,pn
pn,JZ
Ja,Kr
Kr,Ja
Jb,6e
6e,Jb
Jc,fC
fC,Jc
Jd,Je
Je,Jd
Jf,Bm
Bm,Jf
Jg,6J
6J,Jg
Jh,7P
7P,Jh
Jk,zS
zS,Jk
Jl,Oa
Oa,Jl
Jm,27
27,Jm
Jn,kv
kv,Jn
Jo,Bv
Bv,Jo
Jq,3M
3M,Jq
Jr,6X
6X,Jr
Js,RD
RD,Js
Jt,N4
N4,Jt
Ju,RM
RM,Ju
Jv,Je
Je,Jv
Jw,JS
JS,Jw
Jx,3Y
3Y,Jx
Jy,el
el,Jy
J0,oe
oe,J0
J1,C3
C3,J1
J2,9m
9m,J2
J4,s0
s0,J4
J5,Yp
Yp,J5
J6,kH
kH,J6
J7,hO
hO,J7
J8,89
89,J8
J9,K1
K1,J9
KA,XA
XA,KA
KB,G8
G8,KB
KC,pZ
pZ,KC
KD,o9
o9,KD
KE,LP
LP,KE
KG,I3
I3,KG
KH,kl
kl,KH
KJ,rg
rg,KJ
KK,dz
dz,KK
KL,MY
MY,KL
KM,81
81,KM
KN,6l
6l,KN
KO,dc
dc,KO
KP,Ep
Ep,KP
KQ,vU
vU,KQ
KR,wZ
wZ,KR
KS,mK
mK,KS
KT,nj
nj,KT
KU,bd
bd,KU
KV,9F
9F,KV
KW,Ge
Ge,KW
KX,ar
ar,KX
KY,pE
pE,KY
KZ,x4
x4,KZ
Ka,3V
3V,Ka
Kb,Pm
Pm,Kb
Kc,7U
7U,Kc
Kd,3B
3B,Kd
Ke,aV
aV,Ke
Kf,GI
GI,Kf
Kg,2e
2e,Kg
Kh,1h
1h,Kh
Ki,3A
3A,Ki
Kj,US
US,Kj
Kk,rb
rb,Kk
Kl,G3
G3,Kl
Km,og
og,Km
Kn,sf
sf,Kn
Ko,Yt
Yt,Ko
Kp,AC
AC,Kp
Ks,Ss
Ss,Ks
Kt,Ot
Ot,Kt
Ku,OO
OO,Ku
Kx,Hc
Hc,Kx
Ky,oa
oa,Ky
Kz,KA
KA,Kz
K0,xh
xh,K0
K2,hZ
hZ,K2
K3,Ra
Ra,K3
K5,NX
NX,K5
K6,vZ
vZ,K6
K7,om
om,K7
K9,aq
aq,K9
LA,uL
uL,LA
LB,2O
2O,LB
LC,Eg
Eg,LC
LD,xo
xo,LD
LE,9b
9b,LE
LF,NJ
NJ,LF
LG,cx
cx,LG
LH,Kk
Kk,LH
LI,RV
RV,LI
LJ,NM
NM,LJ
LK,Yj
Yj,LK
LL,3a
3a,LL
LM,Xf
Xf,LM
LN,f7
f7,LN
LO,kq
kq,LO
LQ,4d
4d,LQ
LS,gX
gX,LS
LT,QM
QM,LT
LU,FC
FC,LU
LW,mH
mH,LW
LX,vs
vs,LX
LY,oo
oo,LY
LZ,Xl
Xl,LZ
La,5P
5P,La
Lb,pc
pc,Lb
Lc,kE
kE,Lc
Ld,Mv
Mv,Ld
Le,H5
H5,Le
Lf,oC
oC,Lf
Lg,B4
B4,Lg
Lh,1M
1M,Lh
Li,j1
j1,Li
Lj,ME
ME,Lj
Lk,Vc
Vc,Lk
Ll,TQ
TQ,Ll
Lm,UU
UU,Lm
Ln,AJ
AJ,Ln
Lo,cN
cN,Lo
Lp,2s
2s,Lp
Lq,C5
C5,Lq
Lr,r1
r1,Lr
Ls,C1
C1,Ls
Lt,5K
5K,Lt
Lu,0D
0D,Lu
Lv,pb
pb,Lv
Lw,jK
jK,Lw
Lx,jp
jp,Lx
Ly,UK
UK,Ly
Lz,Jw
Jw,Lz
L0,ij
ij,L0
L2,NJ
NJ,L2
L4,VI
VI,L4
L5,kf
kf,L5
L6,vP
vP,L6
L7,pC
pC,L7
L8,XK
XK,L8
L9,FR
FR,L9
MB,XI
XI,MB
MD,7s
7s,MD
MH,Kc
Kc,MH
MI,I4
I4,MI
MJ,o9
o9,MJ
MK,J6
J6,MK
ML,O5
O5,ML
MM,Ql
Ql,MM
MN,Lj
Lj,MN
MO,6h
6h,MO
MP,nY
nY,MP
MQ,Ja
Ja,MQ
MS,Ec
Ec,MS
MT,lr
lr,MT
MU,Zl
Zl,MU
MV,RF
RF,MV
MW,eI
eI,MW
MZ,iv
iv,MZ
Ma,P6
P6,Ma
Mb,QW
QW,Mb
Mc,cW
cW,Mc
Md,9b
9b,Md
Me,XK
XK,Me
Mf,hx
hx,Mf
Mg,z4
z4,Mg
Mh,zw
zw,Mh
Mi,x3
x3,Mi
Mj,ul
ul,Mj
Mk,3T
3T,Mk
Mm,PP
PP,Mm
Mn,KP
KP,Mn
Mp,Q3
Q3,Mp
Mq,33
33,Mq
Mr,l7
l7,Mr
Ms,Xf
Xf,Ms
Mu,oj
oj,Mu
Mw,et
et,Mw
My,Jk
Jk,My
Mz,Hy
Hy,Mz
M0,2g
2g,M0
M1,Jz
Jz,M1
M2,R0
R0,M2
M3,MT
MT,M3
M4,qA
qA,M4
M5,e6
e6,M5
M6,7Y
7Y,M6
M7,oJ
oJ,M7
M8,ZX
ZX,M8
M9,jp
jp,M9
NA,kZ
kZ,NA
NB,ZW
ZW,NB
NC,Kk
Kk,NC
ND,g4
g4,ND
NE,ef
ef,NE
NF,bf
bf,NF
NG,Mw
Mw,NG
NH,uu
uu,NH
NI,4k
4k,NI
NK,jh
jh,NK
NL,uZ
uZ,NL
NN,1J
1J,NN
NQ,4r
4r,NQ
NS,TO
TO,NS
NT,tb
tb,NT
NU,Ff
Ff,NU
NV,vD
vD,NV
NW,VZ
VZ,NW
NY,RX
RX,NY
NZ,oT
oT,NZ
Na,29
29,Na
Nc,rd
rd,Nc
Nd,sq
sq,Nd
Ne,cC
cC,Ne
Nf,xN
xN,Nf
Ng,pJ
pJ,Ng
Nh,dQ
dQ,Nh
Ni,Fy
Fy,Ni
Nj,gs
gs,Nj
Nm,2W
2W,Nm
Nn,Sf
Sf,Nn
No,3I
3I,No
Np,vW
vW,Np
Nq,N2
N2,Nq
Nr,j1
j1,Nr
Ns,vU
vU,Ns
Nt,ut
ut,Nt
Nu,iy
iy,Nu
Nv,h5
h5,Nv
Nw,vG
vG,Nw
Nx,NH
NH,Nx
Ny,UO
UO,Ny
Nz,3r
3r,Nz
N0,xS
xS,N0
N1,OW
OW,N1
N3,at
at,N3
N5,7N
7N,N5
N6,6I
6I,N6
N7,KG
KG,N7
N8,LP
LP,N8
OA,b6
b6,OA
OB,LF
LF,OB
OC,6r
6r,OC
OD,F5
F5,OD
OE,dg
dg,OE
OF,hf
hf,OF
OG,Xy
Xy,OG
OH,mc
mc,OH
OI,Ux
Ux,OI
OJ,7a
7a,OJ
OK,SY
SY,OK
OL,rY
rY,OL
OM,PO
PO,OM
ON,fO
fO,ON
OP,mm
mm,OP
OQ,6Y
6Y,OQ
OS,LC
LC,OS
OT,hU
hU,OT
OU,s5
s5,OU
OV,QP
QP,OV
OX,Gw
Gw,OX
OY,7j
7j,OY
OZ,lP
lP,OZ
Ob,dP
dP,Ob
Oc,iL
iL,Oc
Od,4Z
4Z,Od
Oe,9U
9U,Oe
Of,kJ
kJ,Of
Og,nU
nU,Og
Oh,Q9
Q9,Oh
Oi,7J
7J,Oi
Oj,R8
R8,Oj
Ok,Mr
Mr,Ok
Ol,6l
6l,Ol
Om,8Z
8Z,Om
On,pP
pP,On
Oo,Gk
Gk,Oo
Op,xE
xE,Op
Oq,oX
oX,Oq
Or,Tb
Tb,Or
Os,Oy
Oy,Os
Ou,mQ
mQ,Ou
Ov,Cc
Cc,Ov
Ow,Bp
Bp,Ow
Ox,6y
6y,Ox
Oz,nr
nr,Oz
O0,sd
sd,O0
O1,9I
9I,O1
O2,eg
eg,O2
O4,Xv
Xv,O4
O6,5U
5U,O6
O7,Vl
Vl,O7
O8,1y
1y,O8
O9,xS
xS,O9
PA,Tw
Tw,PA
PB,F6
F6,PB
PC,cC
cC,PC
PD,PV
PV,PD
PE,SN
SN,PE
PF,Av
Av,PF
PG,9G
9G,PG
PH,ZZ
ZZ,PH
PI,5x
5x,PI
PJ,AX
AX,PJ
PL,eZ
eZ,PL
PM,Uk
Uk,PM
PN,uh
uh,PN
PQ,Cp
Cp,PQ
PR,MH
MH,PR
PS,bN
bN,PS
PT,P1
P1,PT
PU,f3
f3,PU
PW,rz
rz,PW
PX,2G
2G,PX
PY,jv
jv,PY
PZ,2E
2E,PZ
Pb,oj
oj,Pb
Pc,eZ
eZ,Pc
Pd,77
77,Pd
Pe,st
st,Pe
Pf,B1
B1,Pf
Pg,tv
tv,Pg
Ph,vN
vN,Ph
Pi,kQ
kQ,Pi
Pj,h4
h4,Pj
Pk,4D
4D,Pk
Pl,J5
J5,Pl
Pn,jz
jz,Pn
Po,6Z
6Z,Po
Pr,hN
hN,Pr
Ps,6w
6w,Ps
Pt,4v
4v,Pt
Pu,8s
8s,Pu
Pv,Gx
Gx,Pv
Pw,1r
1r,Pw
Px,lK
lK,Px
Py,gu
gu,Py
Pz,FC
FC,Pz
P3,kx
kx,P3
P4,pj
pj,P4
P5,Kh
Kh,P5
P7,PB
PB,P7
P8,D3
D3,P8
P9,OR
OR,P9
QA,9C
9C,QA
QB,h4
h4,QB
QD,Al
Al,QD
QE,Gz
Gz,QE
QF,na
na,QF
QG,CW
CW,QG
QH,xc
xc,QH
QI,JN
JN,QI
QJ,nL
nL,QJ
QK,0q
0q,QK
QL,vT
vT,QL
QN,mV
mV,QN
QO,z2
z2,QO
QQ,3Q
3Q,QQ
QR,51
51,QR
QS,ei
ei,QS
QT,OB
OB,QT
QU,5a
5a,QU
QV,rc
rc,QV
QX,QP
QP,QX
QY,op
op,QY
QZ,Pt
Pt,QZ
Qa,vH
vH,Qa
Qb,47
47,Qb
Qc,4u
4u,Qc
Qe,FL
FL,Qe
Qf,go
go,Qf
Qg,te
te,Qg
Qh,h8
h8,Qh
Qi,TM
TM,Qi
Qj,hT
hT,Qj
Qk,hv
hv,Qk
Qm,ZA
ZA,Qm
Qn,Q7
Q7,Qn
Qo,EJ
EJ,Qo
Qp,Pp
Pp,Qp
Qq,UU
UU,Qq
Qr,vr
vr,Qr
Qt,mO
mO,Qt
Qu,2F
2F,Qu
Qv,z1
z1,Qv
Qw,ZL
ZL,Qw
Qx,1b
1b,Qx
Qy,nm
nm,Qy
Qz,qD
qD,Qz
Q0,D8
D8,Q0
Q1,kP
kP,Q1
Q2,VC
VC,Q2
Q4,yk
yk,Q4
Q5,tm
tm,Q5
Q8,iy
iy,Q8
RA,jQ
jQ,RA
RB,bU
bU,RB
RC,p6
p6,RC
RE,MZ
MZ,RE
RG,HW
HW,RG
RH,Eb
Eb,RH
RI,Fn
Fn,RI
RJ,t2
t2,RJ
RL,6M
6M,RL
RN,Ty
Ty,RN
RO,2L
2L,RO
RP,Av
Av,RP
RQ,VM
VM,RQ
RR,lD
lD,RR
RS,Rz
Rz,RS
RT,VC
VC,RT
RU,Nu
Nu,RU
RW,q7
q7,RW
RY,fw
fw,RY
Rc,74
74,Rc
Re,qS
qS,Re
Rf,A4
A4,Rf
Rg,cQ
cQ,Rg
Rh,rA
rA,Rh
Rj,Nl
Nl,Rj
Rk,qx
qx,Rk
Rl,O7
O7,Rl
Rm,mx
mx,Rm
Rn,YX
YX,Rn
Ro,ib
ib,Ro
Rp,Sy
Sy,Rp
Rq,CK
CK,Rq
Rr,o0
o0,Rr
Rs,We
We,Rs
Rt,1Y
1Y,Rt
Ru,fl
fl,Ru
Rv,m7
m7,Rv
Rw,cQ
cQ,Rw
Rx,iQ
iQ,Rx
Ry,oH
oH,Ry
R1,Ks
Ks,R1
R2,JP
JP,R2
R3,DH
DH,R3
R4,4H
4H,R4
R6,IM
IM,R6
R7,y2
y2,R7
R9,Nc
Nc,R9
SA,l3
l3,SA
SB,Lu
Lu,SB
SC,XF
XF,SC
SE,LJ
LJ,SE
SF,vC
vC,SF
SG,cS
cS,SG
SH,sl
sl,SH
SI,DO
DO,SI
SJ,3f
3f,SJ
SK,Fj
Fj,SK
SL,L9
L9,SL
SM,ju
ju,SM
SP,Os
Os,SP
SR,W6
W6,SR
SS,ID
ID,SS
ST,sX
sX,ST
SU,dE
dE,SU
SV,bE
bE,SV
SW,X0
X0,SW
SX,1Q
1Q,SX
SZ,G4
G4,SZ
Sa,tW
tW,Sa
Sb,zr
zr,Sb
Sc,XV
XV,Sc
Sd,ZW
ZW,Sd
Se,aU
aU,Se
Sg,sv
sv,Sg
Sh,q2
q2,Sh
Si,EH
EH,Si
Sj,0K
0K,Sj
Sk,LE
LE,Sk
Sl,0K
0K,Sl
Sm,Cz
Cz,Sm
Sn,Q1
Q1,Sn
So,MO
MO,So
Sq,ko
ko,Sq
Sr,wn
wn,Sr
St,5G
5G,St
Su,BA
BA,Su
Sv,Iz
Iz,Sv
Sw,WE
WE,Sw
Sz,3j
3j,Sz
S0,rm
rm,S0
S1,Rk
Rk,S1
S2,rV
rV,S2
S3,Qa
Qa,S3
S4,Pf
Pf,S4
S5,oD
oD,S5
S6,P1
P1,S6
S7,sC
sC,S7
S8,mk
mk,S8
S9,6C
6C,S9
TA,xR
xR,TA
TB,fM
fM,TB
TD,ju
ju,TD
TF,tj
tj,TF
TG,8h
8h,TG
TH,fo
fo,TH
TI,6s
6s,TI
TK,CI
CI,TK
TL,Ax
Ax,TL
TN,gU
gU,TN
TP,Cn
Cn,TP
TR,2o
2o,TR
TS,jB
jB,TS
TU,Y2
Y2,TU
TV,OH
OH,TV
TW,MY
MY,TW
TY,sq
sq,TY
TZ,ZR
ZR,TZ
Tc,rb
rb,Tc
Td,RK
RK,Td
Te,eC
eC,Te
Tf,Df
Df,Tf
Tg,IR
IR,Tg
Th,Yh
Yh,Th
Ti,nm
nm,Ti
Tj,Kz
Kz,Tj
Tl,4E
4E,Tl
Tm,DC
DC,Tm
To,HJ
HJ,To
Tq,77
77,Tq
Tr,r2
r2,Tr
Ts,be
be,Ts
Tu,B1
B1,Tu
Tv,fQ
fQ,Tv
Tx,5c
5c,Tx
Tz,wC
wC,Tz
T0,hA
hA,T0
T2,yl
yl,T2
T3,Qz
Qz,T3
T4,qV
qV,T4
T5,PI
PI,T5
T6,Ms
Ms,T6
T8,Je
Je,T8
T9,uE
uE,T9
UA,HL
HL,UA
UC,AK
AK,UC
UD,LP
LP,UD
UE,4y
4y,UE
UF,hp
hp,UF
UG,nB
nB,UG
UH,hE
hE,UH
UI,e1
e1,UI
UL,ia
ia,UL
UM,aH
aH,UM
UN,Fr
Fr,UN
UP,pg
pg,UP
UR,Oo
Oo,UR
UT,Ae
Ae,UT
UV,su
su,UV
UW,D7
D7,UW
UX,gb
gb,UX
UZ,DI
DI,UZ
Ua,Aa
Aa,Ua
Uc,ir
ir,Uc
Ud,Jo
Jo,Ud
Ue,kX
kX,Ue
Uf,Uf
Uf,Uf
Ug,hT
hT,Ug
Ui,tG
tG,Ui
Uj,He
He,Uj
Ul,Au
Au,Ul
Um,Lz
Lz,Um
Uo,fe
fe,Uo
Up,oR
oR,Up
Uq,CF
CF,Uq
Ur,ZD
ZD,Ur
Ut,5L
5L,Ut
Uu,4t
4t,Uu
Uv,oZ
oZ,Uv
Uw,3q
3q,Uw
Uy,0K
0K,Uy
Uz,hI
hI,Uz
U0,pb
pb,U0
U1,66
66,U1
U2,5e
5e,U2
U3,JD
JD,U3
U4,GT
GT,U4
U5,LP
LP,U5
U6,mM
mM,U6
U7,UL
UL,U7
U8,Kv
Kv,U8
U9,l6
l6,U9
VA,vi
vi,VA
VB,JA
JA,VB
VE,69
69,VE
VF,EI
EI,VF
VH,x2
x2,VH
VK,pj
pj,VK
VL,oo
oo,VL
VN,kb
kb,VN
VO,8n
8n,VO
VP,ZC
ZC,VP
VQ,hg
hg,VQ
VR,4w
4w,VR
VS,FJ
FJ,VS
VU,Jz
Jz,VU
VV,Mz
Mz,VV
VW,Es
Es,VW
VX,te
te,VX
VY,AO
AO,VY
Va,bN
bN,Va
Vb,QJ
QJ,Vb
Ve,CS
CS,Ve
Vf,9E
9E,Vf
Vg,v7
v7,Vg
Vh,x9
x9,Vh
Vi,TR
TR,Vi
Vj,c0
c0,Vj
Vk,Bs
Bs,Vk
Vm,TX
TX,Vm
Vn,CO
CO,Vn
Vo,GF
GF,Vo
Vr,2I
2I,Vr
Vs,Xm
Xm,Vs
Vt,YO
YO,Vt
Vu,XN
XN,Vu
Vv,N5
N5,Vv
Vw,Lp
Lp,Vw
Vy,Cq
Cq,Vy
Vz,fB
fB,Vz
V0,eV
eV,V0
V1,1B
1B,V1
V2,pd
pd,V2
V3,lY
lY,V3
V4,qN
qN,V4
V5,zR
zR,V5
V6,D4
D4,V6
V7,RJ
RJ,V7
V8,eq
eq,V8
V9,Ct
Ct,V9
WA,Lu
Lu,WA
WB,HA
HA,WB
WC,wo
wo,WC
WD,7y
7y,WD
WF,rR
rR,WF
WH,kA
kA,WH
WI,ac
ac,WI
WJ,AG
AG,WJ
WK,JI
JI,WK
WL,Y9
Y9,WL
WM,JS
JS,WM
WN,Uc
Uc,WN
WP,Od
Od,WP
WQ,by
by,WQ
WR,7J
7J,WR
WS,eL
eL,WS
WT,co
co,WT
WU,nl
nl,WU
WV,Lr
Lr,WV
WW,Ok
Ok,WW
WX,ri
ri,WX
WY,gJ
gJ,WY
Wa,cN
cN,Wa
Wb,dL
dL,Wb
Wc,gD
gD,Wc
Wd,TK
TK,Wd
Wf,2Y
2Y,Wf
Wg,TW
TW,Wg
Wh,li
li,Wh
Wj,q8
q8,Wj
Wk,Sr
Sr,Wk
Wl,bT
bT,Wl
Wm,BR
BR,Wm
Wn,rI
rI,Wn
Wo,nh
nh,Wo
Wq,dp
dp,Wq
Wr,x9
x9,Wr
Ws,e0
e0,Ws
Wt,Wv
Wv,Wt
Wu,B9
B9,Wu
Ww,xL
xL,Ww
Wx,o8
o8,Wx
Wy,pp
pp,Wy
Wz,V8
V8,Wz
W0,p4
p4,W0
W1,ed
ed,W1
W2,M8
M8,W2
W3,SY
SY,W3
W5,t8
t8,W5
W7,aN
aN,W7
W9,Da
Da,W9
XC,km
km,XC
XD,r1
r1,XD
XG,il
il,XG
XH,cl
cl,XH
XJ,cq
cq,XJ
XL,34
34,XL
XM,tb
tb,XM
XO,hn
hn,XO
XP,0B
0B,XP
XQ,SZ
SZ,XQ
XR,3D
3D,XR
XS,4f
4f,XS
XT,CS
CS,XT
XU,aq
aq,XU
XX,rc
rc,XX
XY,DM
DM,XY
Xa,qN
qN,Xa
Xb,8d
8d,Xb
Xc,IO
IO,Xc
Xd,sH
sH,Xd
Xe,n3
n3,Xe
Xg,z7
z7,Xg
Xh,SR
SR,Xh
Xi,wQ
wQ,Xi
Xj,8b
8b,Xj
Xk,yU
yU,Xk
Xn,Fr
Fr,Xn
Xo,YH
YH,Xo
Xr,Kn
Kn,Xr
Xs,Ey
Ey,Xs
Xt,kZ
kZ,Xt
Xu,Ka
Ka,Xu
Xx,RC
RC,Xx
Xz,Rc
Rc,Xz
X2,lQ
lQ,X2
X3,6H
6H,X3
X4,i0
i0,X4
X5,6M
6M,X5
X6,R1
R1,X6
X7,SG
SG,X7
X8,2O
2O,X8
YA,W1
W1,YA
YB,EI
EI,YB
YC,s2
s2,YC
YE,BF
BF,YE
YF,PQ
PQ,YF
YG,Sj
Sj,YG
YI,Sz
Sz,YI
YJ,ia
ia,YJ
YK,2d
2d,YK
YL,Fk
Fk,YL
YM,W0
W0,YM
YN,vw
vw,YN
YQ,X3
X3,YQ
YR,mb
mb,YR
YS,I1
I1,YS
YT,JV
JV,YT
YU,c2
c2,YU
YW,po
po,YW
YY,nA
nA,YY
YZ,R5
R5,YZ
Ya,qz
qz,Ya
Yb,Ey
Ey,Yb
Yd,Wt
Wt,Yd
Ye,6j
6j,Ye
Yf,TG
TG,Yf
Yg,pX
pX,Yg
Yi,QH
QH,Yi
Yk,Bp
Bp,Yk
Yl,AM
AM,Yl
Ym,en
en,Ym
Yn,UD
UD,Yn
Yo,iB
iB,Yo
Yq,55
55,Yq
Yr,wE
wE,Yr
Ys,iQ
iQ,Ys
Yu,uz
uz,Yu
Yv,Sp
Sp,Yv
Yw,p4
p4,Yw
Yy,RI
RI,Yy
Yz,91
91,Yz
Y1,a8
a8,Y1
Y4,sM
sM,Y4
Y5,Jv
Jv,Y5
Y6,LM
LM,Y6
Y7,Uy
Uy,Y7
Y8,yE
yE,Y8
ZB,8E
8E,ZB
ZE,7O
7O,ZE
ZF,5h
5h,ZF
ZG,4G
4G,ZG
ZJ,jd
jd,ZJ
ZK,Y7
Y7,ZK
ZM,UP
UP,ZM
ZN,wa
wa,ZN
ZO,Km
Km,ZO
ZP,bh
bh,ZP
ZQ,iI
iI,ZQ
ZS,fd
fd,ZS
ZT,2S
2S,ZT
ZU,X0
X0,ZU
ZV,26
26,ZV
ZY,vf
vf,ZY
Za,jW
jW,Za
Zb,id
id,Zb
Zc,Wr
Wr,Zc
Zd,zw
zw,Zd
Ze,7S
7S,Ze
Zi,iS
iS,Zi
Zj,rU
rU,Zj
Zk,1u
1u,Zk
Zm,v0
v0,Zm
Zn,jk
jk,Zn
Zo,Ds
Ds,Zo
Zq,FJ
FJ,Zq
Zr,Oz
Oz,Zr
Zs,Wa
Wa,Zs
Zt,pg
pg,Zt
Zu,22
22,Zu
Zv,g6
g6,Zv
Zw,Ut
Ut,Zw
Zx,bq
bq,Zx
Zy,nX
nX,Zy
Zz,sU
sU,Zz
Z0,lI
lI,Z0
Z1,sX
sX,Z1
Z2,Pi
Pi,Z2
Z3,IH
IH,Z3
Z4,v0
v0,Z4
Z6,6z
6z,Z6
Z8,Zf
Zf,Z8
Z9,oN
oN,Z9
aA,Mu
Mu,aA
aB,Co
Co,aB
aC,G3
G3,aC
aD,DF
DF,aD
aE,xu
xu,aE
aG,iA
iA,aG
aI,8U
8U,aI
aJ,eU
eU,aJ
aK,h9
h9,aK
aL,BD
BD,aL
aM,ZP
ZP,aM
aO,nO
nO,aO
aP,WU
WU,aP
aQ,As
As,aQ
aR,qb
qb,aR
aS,Rh
Rh,aS
aT,Kf
Kf,aT
aW,qS
qS,aW
aX,Tr
Tr,aX
aY,MY
MY,aY
aZ,3i
3i,aZ
aa,Xp
Xp,aa
ab,gf
gf,ab
ad,q1
q1,ad
af,Kk
Kk,af
ah,sH
sH,ah
ai,g6
g6,ai
aj,Fk
Fk,aj
ak,v8
v8,ak
al,2G
2G,al
am,Ax
Ax,am
ap,Ku
Ku,ap
as,3g
3g,as
au,7S
7S,au
av,71
71,av
aw,K7
K7,aw
ax,RJ
RJ,ax
ay,Kx
Kx,ay
az,v3
v3,az
a0,39
39,a0
a1,TM
TM,a1
a2,tf
tf,a2
a3,Rc
Rc,a3
a4,Pl
Pl,a4
a5,sZ
sZ,a5
a6,o1
o1,a6
a7,N9
N9,a7
a9,zk
zk,a9
bA,uL
uL,bA
bB,Xc
Xc,bB
bC,7i
7i,bC
bD,41
41,bD
bF,tj
tj,bF
bG,dP
dP,bG
bH,5J
5J,bH
bI,eZ
eZ,bI
bK,SM
SM,bK
bL,nk
nk,bL
bM,5t
5t,bM
bP,bP
bP,bP
bQ,6H
6H,bQ
bR,f5
f5,bR
bV,BD
BD,bV
bW,8u
8u,bW
bX,fF
fF,bX
bY,aH
aH,bY
bZ,6H
6H,bZ
ba,66
66,ba
bb,1H
1H,bb
bc,3w
3w,bc
bg,R2
R2,bg
bi,hq
hq,bi
bk,y6
y6,bk
bl,Wy
Wy,bl
bm,jY
jY,bm
bn,l6
l6,bn
bo,8y
8y,bo
bp,tX
tX,bp
br,Wn
Wn,br
bu,hU
hU,bu
bv,PB
PB,bv
bw,mz
mz,bw
bx,qo
qo,bx
bz,Xt
Xt,bz
b0,Iz
Iz,b0
b1,NM
NM,b1
b2,lq
lq,b2
b3,3z
3z,b3
b4,2r
2r,b4
b5,hf
hf,b5
b8,wi
wi,b8
b9,ao
ao,b9
cA,NE
NE,cA
cB,83
83,cB
cD,Cg
Cg,cD
cF,3c
3c,cF
cG,eI
eI,cG
cH,uO
uO,cH
cI,sH
sH,cI
cJ,St
St,cJ
cL,AR
AR,cL
cM,x6
x6,cM
cO,63
63,cO
cP,lI
lI,cP
cT,FG
FG,cT
cU,y9
y9,cU
cX,TA
TA,cX
cZ,wS
wS,cZ
ca,TN
TN,ca
cb,oW
oW,cb
cc,jN
jN,cc
cd,bR
bR,cd
ce,kY
kY,ce
cf,dV
dV,cf
cg,Sc
Sc,cg
ch,U4
U4,ch
ci,ai
ai,ci
cj,Fy
Fy,cj
ck,jM
jM,ck
cm,iH
iH,cm
cn,Ql
Ql,cn
cp,g2
g2,cp
cr,Oe
Oe,cr
cs,bR
bR,cs
ct,sY
sY,ct
cu,vu
vu,cu
cv,V3
V3,cv
cw,RF
RF,cw
cy,bP
bP,cy
cz,FB
FB,cz
c1,nE
nE,c1
c3,YW
YW,c3
c4,jf
jf,c4
c5,jA
jA,c5
c6,Qx
Qx,c6
c7,V5
V5,c7
c8,DW
DW,c8
c9,ol
ol,c9
dA,MT
MT,dA
dC,Ca
Ca,dC
dD,gC
gC,dD
dF,wU
wU,dF
dG,3i
3i,dG
dH,Qu
Qu,dH
dJ,Si
Si,dJ
dM,gj
gj,dM
dN,On
On,dN
dO,2X
2X,dO
dR,tN
tN,dR
dS,xa
xa,dS
dT,yk
yk,dT
dU,az
az,dU
dW,HS
HS,dW
dX,7Y
7Y,dX
dY,BL
BL,dY
db,PC
PC,db
dd,jX
jX,dd
de,67
67,de
df,nY
nY,df
di,SX
SX,di
dj,7z
7z,dj
dk,sx
sx,dk
dl,n7
n7,dl
dm,1n
1n,dm
dn,m1
m1,dn
do,xE
xE,do
dq,qu
qu,dq
dr,cB
cB,dr
ds,RU
RU,ds
du,ZK
ZK,du
dv,dT
dT,dv
dw,PR
PR,dw
dx,va
va,dx
dy,qx
qx,dy
d1,pg
pg,d1
d2,tR
tR,d2
d3,Ml
Ml,d3
d5,FK
FK,d5
d6,UN
UN,d6
d8,vr
vr,d8
d9,ui
ui,d9
eB,n8
n8,eB
eD,Gf
Gf,eD
eE,9r
9r,eE
eF,HD
HD,eF
eG,yD
yD,eG
eH,Sv
Sv,eH
eJ,Xx
Xx,eJ
eK,qD
qD,eK
eN,aK
aK,eN
eO,2x
2x,eO
eP,OF
OF,eP
eQ,XM
XM,eQ
eS,VQ
VQ,eS
eT,7g
7g,eT
eW,Ft
Ft,eW
eX,Lt
Lt,eX
ea,QD
QD,ea
ec,QL
QL,ec
ee,ST
ST,ee
eh,vd
vd,eh
ej,xw
xw,ej
em,lE
lE,em
eo,Gi
Gi,eo
ep,XV
XV,ep
er,cs
cs,er
es,WE
WE,es
eu,uO
uO,eu
ev,Uk
Uk,ev
ex,hg
hg,ex
ey,rf
rf,ey
ez,kf
kf,ez
e3,fj
fj,e3
e4,pe
pe,e4
e7,yc
yc,e7
e8,hJ
hJ,e8
e9,zF
zF,e9
fA,4o
4o,fA
fD,VB
VB,fD
fE,Q6
Q6,fE
fG,eR
eR,fG
fH,Rw
Rw,fH
fI,Ad
Ad,fI
fJ,uh
uh,fJ
fK,hm
hm,fK
fL,UF
UF,fL
fP,9Z
9Z,fP
fR,fp
fp,fR
fS,Bx
Bx,fS
fT,MO
MO,fT
fU,k4
k4,fU
fV,JI
JI,fV
fW,vO
vO,fW
fX,Ej
Ej,fX
fY,Jx
Jx,fY
fa,ZK
ZK,fa
fb,li
li,fb
fc,8D
8D,fc
ff,WO
WO,ff
fg,wQ
wQ,fg
fi,jd
jd,fi
fk,iK
iK,fk
fm,aM
aM,fm
fq,LI
LI,fq
fr,Nn
Nn,fr
fs,Jr
Jr,fs
fu,mw
mw,fu
fv,cy
cy,fv
fx,Wj
Wj,fx
fz,OV
OV,fz
f0,YS
YS,f0
f2,m0
m0,f2
f4,xu
xu,f4
f6,Ae
Ae,f6
f8,vZ
vZ,f8
f9,MJ
MJ,f9
gA,nT
nT,gA
gB,9W
9W,gB
gE,7G
7G,gE
gF,35
35,gF
gG,cG
cG,gG
gH,n0
n0,gH
gI,ZF
ZF,gI
gK,ju
ju,gK
gL,gA
gA,gL
gM,PT
PT,gM
gN,dv
dv,gN
gO,W1
W1,gO
gP,dp
dp,gP
gR,LW
LW,gR
gS,sL
sL,gS
gT,H5
H5,gT
gV,iO
iO,gV
gW,ab
ab,gW
gY,VU
VU,gY
gZ,0D
0D,gZ
ga,9c
9c,ga
gc,pa
pa,gc
gd,Vu
Vu,gd
ge,fB
fB,ge
gg,Qn
Qn,gg
gi,JI
JI,gi
gk,Yl
Yl,gk
gl,se
se,gl
gm,fB
fB,gm
gn,zw
zw,gn
gp,dN
dN,gp
gq,z6
z6,gq
gr,3d
3d,gr
gv,5O
5O,gv
gw,w9
w9,gw
gx,k2
k2,gx
gy,GB
GB,gy
gz,ih
ih,gz
g1,gS
gS,g1
g3,mA
mA,g3
g5,CL
CL,g5
g7,b3
b3,g7
g8,jc
jc,g8
g9,zs
zs,g9
hB,eM
eM,hB
hC,XO
XO,hC
hD,6R
6R,hD
hF,HI
HI,hF
hG,Wy
Wy,hG
hH,W3
W3,hH
hL,2X
2X,hL
hM,id
id,hM
hP,nI
nI,hP
hQ,eS
eS,hQ
hR,rf
rf,hR
hW,Ib
Ib,hW
hX,Nc
Nc,hX
hY,xa
xa,hY
ha,zm
zm,ha
hb,m3
m3,hb
hd,Yg
Yg,hd
hh,7f
7f,hh
hj,xN
xN,hj
hk,JI
JI,hk
hl,bU
bU,hl
ho,NU
NU,ho
hr,zZ
zZ,hr
hs,2a
2a,hs
ht,oX
oX,ht
hu,V6
V6,hu
hw,gi
gi,hw
hy,Iu
Iu,hy
hz,4N
4N,hz
h0,D2
D2,h0
h1,yh
yh,h1
h2,pm
pm,h2
h3,Zh
Zh,h3
h6,e1
e1,h6
h7,yD
yD,h7
iC,du
du,iC
iD,VQ
VQ,iD
iE,q3
q3,iE
iF,xS
xS,iF
iJ,ay
ay,iJ
iM,cK
cK,iM
iN,0F
0F,iN
iP,GL
GL,iP
iR,qg
qg,iR
iT,5O
5O,iT
iU,Qi
Qi,iU
iV,at
at,iV
iW,ev
ev,iW
iX,8o
8o,iX
iY,0X
0X,iY
iZ,ga
ga,iZ
ie,Nl
Nl,ie
if,EM
EM,if
ig,yX
yX,ig
ii,rn
rn,ii
ik,Lb
Lb,ik
im,sY
sY,im
in,4N
4N,in
io,lV
lV,io
ip,FY
FY,ip
is,Fk
Fk,is
iu,KA
KA,iu
iw,u2
u2,iw
ix,53
53,ix
i1,IC
IC,i1
i3,Xm
Xm,i3
i4,FP
FP,i4
i5,lE
lE,i5
i6,4m
4m,i6
i7,NJ
NJ,i7
i8,9e
9e,i8
i9,xR
xR,i9
jC,Bh
Bh,jC
jD,Ma
Ma,jD
jF,a2
a2,jF
jG,tB
tB,jG
jI,vP
vP,jI
jJ,3U
3U,jJ
jO,AF
AF,jO
jR,32
32,jR
jT,Kt
Kt,jT
jU,ig
ig,jU
jV,Yl
Yl,jV
jZ,xb
xb,jZ
ja,9c
9c,ja
jb,rr
rr,jb
je,97
97,je
ji,XT
XT,ji
jj,gx
gx,jj
jl,Dg
Dg,jl
jm,Sn
Sn,jm
jn,vc
vc,jn
jo,m3
m3,jo
jq,ww
ww,jq
jr,5l
5l,jr
js,Ou
Ou,js
jt,WB
WB,jt
jw,Ef
Ef,jw
jx,X3
X3,jx
jy,xX
xX,jy
j0,PF
PF,j0
j2,dP
dP,j2
j3,N1
N1,j3
j4,mY
mY,j4
j5,5q
5q,j5
j6,hL
hL,j6
j7,ys
ys,j7
j8,Xl
Xl,j8
j9,o5
o5,j9
kB,mi
mi,kB
kG,Pi
Pi,kG
kI,Cw
Cw,kI
kK,JF
JF,kK
kL,68
68,kL
kM,wR
wR,kM
kO,wg
wg,kO
kR,kj
kj,kR
kS,Qu
Qu,kS
kT,Hr
Hr,kT
kU,Eh
Eh,kU
kV,tu
tu,kV
kW,wl
wl,kW
ka,P8
P8,ka
kc,GG
GG,kc
kd,d0
d0,kd
ke,C5
C5,ke
kh,jI
jI,kh
ki,92
92,ki
kk,a0
a0,kk
kn,Fv
Fv,kn
kp,1S
1S,kp
kr,je
je,kr
ks,N9
N9,ks
ku,AG
AG,ku
kw,82
82,kw
k0,uc
uc,k0
k1,nj
nj,k1
k3,mH
mH,k3
k6,b0
b0,k6
k7,dT
dT,k7
k8,zx
zx,k8
k9,Li
Li,k9
lA,a0
a0,lA
lC,FK
FK,lC
lF,IE
IE,lF
lG,9Q
9Q,lG
lH,lx
lx,lH
lJ,Y9
Y9,lJ
lL,TN
TN,lL
lM,gl
gl,lM
lN,EN
EN,lN
lO,4M
4M,lO
lR,QB
QB,lR
lS,cT
cT,lS
lT,FY
FY,lT
lU,7o
7o,lU
lX,UV
UV,lX
la,kA
kA,la
lb,eM
eM,lb
lc,o4
o4,lc
ld,F0
F0,ld
lf,sV
sV,lf
lg,EF
EF,lg
lh,6P
6P,lh
lk,9y
9y,lk
ll,nm
nm,ll
lm,Lk
Lk,lm
ln,KL
KL,ln
lo,Js
Js,lo
ls,TS
TS,ls
lt,Qh
Qh,lt
lu,9I
9I,lu
lv,jj
jj,lv
lw,ar
ar,lw
lz,Pe
Pe,lz
l0,bg
bg,l0
l1,HE
HE,l1
l2,F4
F4,l2
l4,AU
AU,l4
l5,hv
hv,l5
l8,WN
WN,l8
l9,bj
bj,l9
mB,L8
L8,mB
mD,xd
xd,mD
mE,92
92,mE
mF,NI
NI,mF
mI,Hk
Hk,mI
mJ,aI
aI,mJ
mL,Ta
Ta,mL
mP,01
01,mP
mR,t4
t4,mR
mS,GB
GB,mS
mT,Tc
Tc,mT
mW,Pc
Pc,mW
mX,sO
sO,mX
mZ,sG
sG,mZ
ma,8N
8N,ma
md,xH
xH,md
me,Bm
Bm,me
mf,SL
SL,mf
mg,7M
7M,mg
mj,ys
ys,mj
ml,1H
1H,ml
mn,Ke
Ke,mn
mo,DM
DM,mo
mp,n8
n8,mp
mq,m2
m2,mq
mr,7k
7k,mr
ms,rj
rj,ms
mt,T8
T8,mt
mu,K4
K4,mu
mv,7K
7K,mv
my,cl
cl,my
m4,Mo
Mo,m4
m5,4i
4i,m5
m6,OQ
OQ,m6
m8,kN
kN,m8
m9,Ls
Ls,m9
nC,G1
G1,nC
nD,Cw
Cw,nD
nF,yY
yY,nF
nG,MO
MO,nG
nH,dq
dq,nH
nJ,za
za,nJ
nK,BP
BP,nK
nM,VH
VH,nM
nP,ZG
ZG,nP
nQ,tj
tj,nQ
nR,cH
cH,nR
nS,u6
u6,nS
nV,sQ
sQ,nV
nW,Rd
Rd,nW
nZ,mr
mr,nZ
nb,9z
9z,nb
nc,MF
MF,nc
nd,5z
5z,nd
ne,Gy
Gy,ne
nf,sc
sc,nf
ng,YS
YS,ng
ni,U4
U4,ni
nn,0L
0L,nn
np,pj
pj,np
nq,Ge
Ge,nq
ns,pW
pW,ns
nt,sp
sp,nt
nu,dI
dI,nu
nv,pq
pq,nv
nw,jm
jm,nw
nx,Sg
Sg,nx
ny,wW
wW,ny
n1,HH
HH,n1
n2,Jl
Jl,n2
n4,Px
Px,n4
n6,bL
bL,n6
n9,ua
ua,n9
oA,P4
P4,oA
oB,30
30,oB
oF,Op
Op,oF
oG,ec
ec,oG
oI,K1
K1,oI
oK,gr
gr,oK
oM,25
25,oM
oO,Qc
Qc,oO
oP,QB
QB,oP
oQ,si
si,oQ
oS,l8
l8,oS
oU,WH
WH,oU
oV,GH
GH,oV
oY,50
50,oY
ob,i4
i4,ob
od,O6
O6,od
of,SY
SY,of
oh,om
om,oh
oi,aX
aX,oi
ok,a5
a5,ok
on,G4
G4,on
oq,V7
V7,oq
or,sD
sD,or
os,gS
gS,os
ot,TS
TS,ot
ou,q8
q8,ou
ov,6p
6p,ov
oy,QC
QC,oy
oz,H2
H2,oz
o2,1a
1a,o2
o3,4u
4u,o3
o7,Na
Na,o7
pA,AV
AV,pA
pB,KG
KG,pB
pD,BT
BT,pD
pF,xh
xh,pF
pG,0S
0S,pG
pH,sY
sY,pH
pI,B7
B7,pI
pK,Tz
Tz,pK
pL,oS
oS,pL
pM,hu
hu,pM
pN,oD
oD,pN
pO,ZD
ZD,pO
pQ,oV
oV,pQ
pR,7B
7B,pR
pT,RO
RO,pT
pU,R9
R9,pU
pV,7x
7x,pV
pY,Jz
Jz,pY
pf,YP
YP,pf
ph,HD
HD,ph
pi,fW
fW,pi
pk,bW
bW,pk
pl,av
av,pl
pr,Ee
Ee,pr
pt,WW
WW,pt
pu,cY
cY,pu
pw,e4
e4,pw
px,c8
c8,px
py,nt
nt,py
pz,eb
eb,pz
p1,xX
xX,p1
p3,9c
9c,p3
p5,NQ
NQ,p5
p7,WC
WC,p7
p8,An
An,p8
p9,aB
aB,p9
qB,d7
d7,qB
qC,4A
4A,qC
qE,qf
qf,qE
qF,yw
yw,qF
qG,Zx
Zx,qG
qH,39
39,qH
qI,k6
k6,qI
qJ,GB
GB,qJ
qL,GH
GH,qL
qM,oY
oY,qM
qO,iE
iE,qO
qP,Al
Al,qP
qQ,CT
CT,qQ
qR,F4
F4,qR
qT,Ko
Ko,qT
qU,Wq
Wq,qU
qX,Ho
Ho,qX
qY,yD
yD,qY
qa,df
df,qa
qc,Jp
Jp,qc
qd,Vn
Vn,qd
qe,OX
OX,qe
qh,Wt
Wt,qh
qi,Q9
Q9,qi
qj,Dn
Dn,qj
qk,US
US,qk
ql,gh
gh,ql
qm,Vz
Vz,qm
qn,wX
wX,qn
qq,H2
H2,qq
qr,5J
5J,qr
qs,iH
iH,qs
qt,4H
4H,qt
qv,Ao
Ao,qv
qy,YJ
YJ,qy
q0,4a
4a,q0
q4,Yi
Yi,q4
q5,1r
1r,q5
q6,nG
nG,q6
q9,rX
rX,q9
rB,nJ
nJ,rB
rC,KX
KX,rC
rD,xT
xT,rD
rE,97
97,rE
rF,KA
KA,rF
rG,sP
sP,rG
rH,ZP
ZP,rH
rJ,Pp
Pp,rJ
rK,iy
iy,rK
rL,rn
rn,rL
rM,T0
T0,rM
rN,od
od,rN
rO,0O
0O,rO
rP,SL
SL,rP
rQ,4h
4h,rQ
rS,mA
mA,rS
rT,h6
h6,rT
rW,w2
w2,rW
rZ,3L
3L,rZ
ra,mV
mV,ra
re,pE
pE,re
rh,9H
9H,rh
rk,Ny
Ny,rk
ro,Jj
Jj,ro
rp,h1
h1,rp
rq,y1
y1,rq
rs,2I
2I,rs
rt,qr
qr,rt
ru,hr
hr,ru
rv,oF
oF,rv
rw,ED
ED,rw
rx,uw
uw,rx
ry,iy
iy,ry
r0,Rv
Rv,r0
r3,hl
hl,r3
r4,sP
sP,r4
r6,Me
Me,r6
r7,ge
ge,r7
r9,Lb
Lb,r9
sA,l3
l3,sA
sB,7U
7U,sB
sE,nD
nD,sE
sF,TR
TR,sF
sI,P1
P1,sI
sJ,tK
tK,sJ
sK,Z6
Z6,sK
sN,JG
JG,sN
sS,ls
ls,sS
sT,fY
fY,sT
sW,Hb
Hb,sW
sa,dR
dR,sa
sb,1Y
1Y,sb
sg,H8
H8,sg
sh,Ij
Ij,sh
sk,Vj
Vj,sk
sm,1q
1q,sm
so,bh
bh,so
sr,uj
uj,sr
sy,c1
c1,sy
sz,4W
4W,sz
s1,L8
L8,s1
s3,SH
SH,s3
s4,e6
e6,s4
s6,2N
2N,s6
s7,Yo
Yo,s7
s8,Dy
Dy,s8
s9,q5
q5,s9
tA,Ry
Ry,tA
tC,ZS
ZS,tC
tD,Ei
Ei,tD
tE,L2
L2,tE
tF,xW
xW,tF
tH,ax
ax,tH
tI,Is
Is,tI
tJ,Cu
Cu,tJ
tL,RI
RI,tL
tM,Zx
Zx,tM
tO,jh
jh,tO
tP,FF
FF,tP
tQ,Sn
Sn,tQ
tS,vs
vs,tS
tT,Zp
Zp,tT
tU,yZ
yZ,tU
tV,p8
p8,tV
tY,Ed
Ed,tY
ta,NU
NU,ta
tc,F2
F2,tc
td,qX
qX,td
tg,tU
tU,tg
th,nJ
nJ,th
ti,PZ
PZ,ti
tk,3A
3A,tk
tl,VO
VO,tl
tn,cn
cn,tn
to,IF
IF,to
tp,hC
hC,tp
tq,V4
V4,tq
tr,pL
pL,tr
ts,wE
wE,ts
tt,PE
PE,tt
tw,2g
2g,tw
ty,vt
vt,ty
tz,D5
D5,tz
t0,bI
bI,t0
t3,NY
NY,t3
t5,gf
gf,t5
t6,fK
fK,t6
t7,b8
b8,t7
t9,GY
GY,t9
uA,0q
0q,uA
uB,7h
7h,uB
uC,eM
eM,uC
uD,5F
5F,uD
uF,Kv
Kv,uF
uG,tP
tP,uG
uH,Bp
Bp,uH
uI,SP
SP,uI
uJ,D0
D0,uJ
uK,tP
tP,uK
uM,zL
zL,uM
uN,0v
0v,uN
uP,fc
fc,uP
uQ,fI
fI,uQ
uR,LH
LH,uR
uT,DC
DC,uT
uU,PR
PR,uU
uV,Fa
Fa,uV
uW,x8
x8,uW
uX,cG
cG,uX
uY,MD
MD,uY
ub,PM
PM,ub
ue,Zi
Zi,ue
uf,rV
rV,uf
ug,mp
mp,ug
um,mW
mW,um
un,Pf
Pf,un
uq,8Y
8Y,uq
ur,uv
uv,ur
us,f7
f7,us
ux,lb
lb,ux
uy,Kr
Kr,uy
u1,DB
DB,u1
u3,if
if,u3
u4,ft
ft,u4
u5,hs
hs,u5
u7,OX
OX,u7
u8,oG
oG,u8
u9,8w
8w,u9
vA,wy
wy,vA
vB,h6
h6,vB
vE,eu
eu,vE
vI,cT
cT,vI
vJ,xS
xS,vJ
vK,Y1
Y1,vK
vL,1J
1J,vL
vQ,YI
YI,vQ
vR,iL
iL,vR
vS,7m
7m,vS
vV,mK
mK,vV
vX,JM
JM,vX
vY,6f
6f,vY
ve,aH
aH,ve
vg,wa
wa,vg
vh,iC
iC,vh
vj,Se
Se,vj
vl,CX
CX,vl
vm,Ms
Ms,vm
vn,w2
w2,vn
vo,Iw
Iw,vo
vp,GY
GY,vp
vq,yg
yg,vq
vv,kD
kD,vv
vx,TX
TX,vx
vy,pD
pD,vy
vz,da
da,vz
v2,7e
7e,v2
v4,gT
gT,v4
v5,ds
ds,v5
v6,zc
zc,v6
v9,eP
eP,v9
wA,7B
7B,wA
wB,T2
T2,wB
wD,nj
nj,wD
wF,bq
bq,wF
wG,cx
cx,wG
wH,DQ
DQ,wH
wI,i2
i2,wI
wJ,AZ
AZ,wJ
wK,mJ
mJ,wK
wM,3I
3I,wM
wO,cN
cN,wO
wT,SU
SU,wT
wV,aq
aq,wV
wY,im
im,wY
wb,hN
hN,wb
wc,Qb
Qb,wc
wd,qz
qz,wd
we,mU
mU,we
wf,46
46,wf
wj,N2
N2,wj
wk,Hq
Hq,wk
wm,By
By,wm
wp,g4
g4,wp
wr,6v
6v,wr
wt,7n
7n,wt
wu,fO
fO,wu
wv,Xz
Xz,wv
wx,fq
fq,wx
wz,Vs
Vs,wz
w0,nk
nk,w0
w1,nc
nc,w1
w3,Nw
Nw,w3
w4,9m
9m,w4
w5,mV
mV,w5
w6,4h
4h,w6
w7,O3
O3,w7
w8,3D
3D,w8
xA,yK
yK,xA
xB,2h
2h,xB
xC,FP
FP,xC
xD,zs
zs,xD
xG,EQ
EQ,xG
xI,Fw
Fw,xI
xJ,1b
1b,xJ
xK,RD
RD,xK
xM,BV
BV,xM
xO,bC
bC,xO
xP,p7
p7,xP
xQ,u2
u2,xQ
xU,4c
4c,xU
xZ,53
53,xZ
xe,KY
KY,xe
xf,o8
o8,xf
xg,3D
3D,xg
xi,WN
WN,xi
xj,tC
tC,xj
xk,bs
bs,xk
xl,g7
g7,xl
xm,Vt
Vt,xm
xn,uh
uh,xn
xr,US
US,xr
xs,ET
ET,xs
xt,1g
1g,xt
xv,Ow
Ow,xv
xx,Ex
Ex,xx
xy,9e
9e,xy
xz,so
so,xz
x0,iW
iW,x0
x1,gX
gX,x1
x7,Tn
Tn,x7
yA,Ru
Ru,yA
yB,JC
JC,yB
yC,1b
1b,yC
yG,GY
GY,yG
yH,71
71,yH
yJ,PK
PK,yJ
yL,2Z
2Z,yL
yM,St
St,yM
yN,d3
d3,yN
yO,RC
RC,yO
yP,iV
iV,yP
yQ,MK
MK,yQ
yR,s0
s0,yR
yS,bk
bk,yS
yT,Bu
Bu,yT
yV,yv
yv,yV
yW,1K
1K,yW
ya,U3
U3,ya
yb,UZ
UZ,yb
yd,np
np,yd
ye,FP
FP,ye
yf,0U
0U,yf
yj,7n
7n,yj
ym,i4
i4,ym
yn,9x
9x,yn
yo,2f
2f,yo
yp,ro
ro,yp
yq,K9
K9,yq
yt,dm
dm,yt
yu,PQ
PQ,yu
yx,jE
jE,yx
yy,SY
SY,yy
yz,tA
tA,yz
y0,1K
1K,y0
y3,xQ
xQ,y3
y4,58
58,y4
y7,2v
2v,y7
y8,Yo
Yo,y8
zB,2a
2a,zB
zC,o1
o1,zC
zD,6u
6u,zD
zE,sa
sa,zE
zG,mm
mm,zG
zI,TX
TX,zI
zJ,ZD
ZD,zJ
zN,z4
z4,zN
zO,V6
V6,zO
zP,XQ
XQ,zP
zQ,up
up,zQ
zT,J1
J1,zT
zU,um
um,zU
zV,ex
ex,zV
zW,QD
QD,zW
zY,ZW
ZW,zY
zd,H3
H3,zd
ze,DB
DB,ze
zg,eu
eu,zg
zj,g9
g9,zj
zl,7x
7x,zl
zn,uC
uC,zn
zo,yW
yW,zo
zp,7i
7i,zp
zq,LA
LA,zq
zt,Xz
Xz,zt
zu,AN
AN,zu
zv,0F
0F,zv
zy,T6
T6,zy
zz,hc
hc,zz
z0,Kt
Kt,z0
z3,hn
hn,z3
z5,dO
dO,z5
z8,7c
7c,z8
z9,uJ
uJ,z9
0A,fN
fN,0A
0C,JZ
JZ,0C
0G,Vk
Vk,0G
0H,BP
BP,0H
0I,0J
0J,0I
0M,5s
5s,0M
0N,be
be,0N
0P,LR
LR,0P
0Q,eF
eF,0Q
0T,j1
j1,0T
0V,Lz
Lz,0V
0W,u9
u9,0W
0Y,RD
RD,0Y
0Z,ag
ag,0Z
0a,fA
fA,0a
0b,Do
Do,0b
0c,SG
SG,0c
0d,xz
xz,0d
0e,Da
Da,0e
0f,5j
5j,0f
0g,DI
DI,0g
0h,zI
zI,0h
0i,3A
3A,0i
0j,8R
8R,0j
0k,eX
eX,0k
0l,En
En,0l
0m,2Y
2Y,0m
0n,EU
EU,0n
0o,Bc
Bc,0o
0p,u1
u1,0p
0r,Y8
Y8,0r
0s,tt
tt,0s
0t,31
31,0t
0u,YH
YH,0u
0w,f1
f1,0w
0x,sO
sO,0x
0y,kc
kc,0y
0z,aK
aK,0z
00,6K
6K,00
02,Bz
Bz,02
03,RU
RU,03
04,v0
v0,04
05,JY
JY,05
06,5i
5i,06
07,P6
P6,07
09,cl
cl,09
1A,j4
j4,1A
1C,6I
6I,1C
1D,8m
8m,1D
1E,S5
S5,1E
1F,2g
2g,1F
1G,zQ
zQ,1G
1I,Sq
Sq,1I
1L,e8
e8,1L
1N,iu
iu,1N
1T,zh
zh,1T
1V,tu
tu,1V
1W,6b
6b,1W
1Z,ia
ia,1Z
1c,5E
5E,1c
1d,EH
EH,1d
1e,24
24,1e
1f,Tl
Tl,1f
1i,3u
3u,1i
1j,hL
hL,1j
1k,2g
2g,1k
1l,23
23,1l
1m,LU
LU,1m
1o,bY
bY,1o
1p,Qq
Qq,1p
1t,mr
mr,1t
1v,I1
I1,1v
1w,19
19,1w
1x,o5
o5,1x
1z,1K
1K,1z
10,5a
5a,10
11,3r
3r,11
12,Ei
Ei,12
13,eh
eh,13
14,Mr
Mr,14
15,oN
oN,15
17,9S
9S,17
18,PT
PT,18
2A,oP
oP,2A
2B,o2
o2,2B
2C,CP
CP,2C
2D,Vl
Vl,2D
2H,ZY
ZY,2H
2J,wE
wE,2J
2K,P4
P4,2K
2P,jW
jW,2P
2Q,f8
f8,2Q
2R,hP
hP,2R
2T,d8
d8,2T
2U,BS
BS,2U
2V,on
on,2V
2b,bd
bd,2b
2c,qN
qN,2c
2i,K9
K9,2i
2j,x7
x7,2j
2k,57
57,2k
2l,yn
yn,2l
2m,3U
3U,2m
2n,pN
pN,2n
2q,xM
xM,2q
2t,Mt
Mt,2t
2u,lD
lD,2u
2w,8B
8B,2w
2y,VO
VO,2y
2z,ri
ri,2z
20,we
we,20
21,AS
AS,21
28,if
if,28
3C,Gw
Gw,3C
3E,Pd
Pd,3E
3F,1q
1q,3F
3G,GR
GR,3G
3K,ZS
ZS,3K
3N,Q7
Q7,3N
3O,du
du,3O
3P,7a
7a,3P
3R,Kj
Kj,3R
3S,PI
PI,3S
3W,S9
S9,3W
3Z,uP
uP,3Z
3b,xL
xL,3b
3e,fw
fw,3e
3h,Ob
Ob,3h
3k,ja
ja,3k
3l,uI
uI,3l
3n,gK
gK,3n
3o,7N
7N,3o
3p,ak
ak,3p
3s,pw
pw,3s
3t,fC
fC,3t
3v,Si
Si,3v
3x,lt
lt,3x
3y,Sm
Sm,3y
36,VF
VF,36
37,nA
nA,37
4B,Bm
Bm,4B
4C,iE
iE,4C
4I,GL
GL,4I
4J,2x
2x,4J
4K,3E
3E,4K
4L,0X
0X,4L
4O,xV
xV,4O
4Q,mo
mo,4Q
4R,Zd
Zd,4R
4S,8r
8r,4S
4V,E8
E8,4V
4X,8n
8n,4X
4Y,bH
bH,4Y
4e,1g
1g,4e
4g,05
05,4g
4j,vm
vm,4j
4l,OK
OK,4l
4p,Iw
Iw,4p
4q,No
No,4q
4s,yd
yd,4s
4x,uQ
uQ,4x
4z,IK
IK,4z
40,SJ
SJ,40
42,aQ
aQ,42
43,9N
9N,43
44,A1
A1,44
45,cr
cr,45
48,j1
j1,48
49,jK
jK,49
5A,BM
BM,5A
5B,Zh
Zh,5B
5C,F0
F0,5C
5D,gN
gN,5D
5H,9e
9e,5H
5M,61
61,5M
5N,Bi
Bi,5N
5Q,hf
hf,5Q
5R,sq
sq,5R
5S,YC
YC,5S
5T,Dn
Dn,5T
5W,0A
0A,5W
5X,wu
wu,5X
5Y,Iq
Iq,5Y
5Z,Wq
Wq,5Z
5b,Er
Er,5b
5d,4z
4z,5d
5f,cH
cH,5f
5g,na
na,5g
5m,h3
h3,5m
5n,8l
8l,5n
5p,4U
4U,5p
5r,4y
4y,5r
5u,Wt
Wt,5u
5v,Vm
Vm,5v
5w,zY
zY,5w
5y,eC
eC,5y
52,GT
GT,52
54,0I
0I,54
56,qC
qC,56
59,KC
KC,59
6A,iy
iy,6A
6B,68
68,6B
6D,U7
U7,6D
6E,bT
bT,6E
6F,Po
Po,6F
6G,uf
uf,6G
6L,dp
dp,6L
6N,k5
k5,6N
6O,1b
1b,6O
6Q,vk
vk,6Q
6S,4X
4X,6S
6T,eE
eE,6T
6U,Ff
Ff,6U
6V,0B
0B,6V
6W,JA
JA,6W
6a,zn
zn,6a
6c,JC
JC,6c
6d,bM
bM,6d
6g,uX
uX,6g
6i,Lg
Lg,6i
6k,6D
6D,6k
6m,Xo
Xo,6m
6n,WK
WK,6n
6o,nu
nu,6o
6q,NF
NF,6q
6t,ht
ht,6t
6x,OF
OF,6x
60,Tm
Tm,60
62,f2
f2,62
64,P0
P0,64
7C,zo
zo,7C
7D,HW
HW,7D
7E,q0
q0,7E
7F,Yt
Yt,7F
7H,kG
kG,7H
7I,8C
8C,7I
7L,X0
X0,7L
7Q,Ox
Ox,7Q
7R,Un
Un,7R
7T,50
50,7T
7V,gj
gj,7V
7W,1m
1m,7W
7X,Z7
Z7,7X
7Z,u3
u3,7Z
7b,0o
0o,7b
7d,Y2
Y2,7d
7l,8w
8w,7l
7p,n7
n7,7p
7t,IU
IU,7t
7u,hc
hc,7u
7v,vn
vn,7v
7w,gK
gK,7w
70,WK
WK,70
73,Lm
Lm,73
75,NZ
NZ,75
78,4a
4a,78
79,QM
QM,79
8A,2S
2S,8A
8F,MT
MT,8F
8G,P3
P3,8G
8H,6g
6g,8H
8I,s1
s1,8I
8J,GH
GH,8J
8K,LC
LC,8K
8L,PN
PN,8L
8M,uJ
uJ,8M
8P,cG
cG,8P
8Q,aA
aA,8Q
8S,cH
cH,8S
8T,0c
0c,8T
8W,St
St,8W
8X,4S
4S,8X
8a,Mq
Mq,8a
8c,Ao
Ao,8c
8e,2Q
2Q,8e
8f,dB
dB,8f
8g,zN
zN,8g
8i,OA
OA,8i
8j,Vw
Vw,8j
8k,TQ
TQ,8k
8p,hF
hF,8p
8q,dB
dB,8q
8t,nL
nL,8t
8v,0P
0P,8v
8x,9i
9i,8x
8z,VX
VX,8z
80,rQ
rQ,80
86,1S
1S,86
9A,Xh
Xh,9A
9B,uE
uE,9B
9D,u3
u3,9D
9J,B9
B9,9J
9K,4c
4c,9K
9L,XG
XG,9L
9M,C6
C6,9M
9O,Ex
Ex,9O
9P,Zx
Zx,9P
9R,rW
rW,9R
9T,qZ
qZ,9T
9V,SK
SK,9V
9X,SG
SG,9X
9Y,Jh
Jh,9Y
9f,P4
P4,9f
9g,L0
L0,9g
9h,bq
bq,9h
9j,kR
kR,9j
9k,Bi
Bi,9k
9l,X6
X6,9l
9n,UH
UH,9n
9o,68
68,9o
9p,tv
tv,9p
9q,E8
E8,9q
9s,mP
mP,9s
9t,5i
5i,9t
9u,cn
cn,9u
9v,v1
v1,9v
9w,Mb
Mb,9w
90,Mk
Mk,90
93,b4
b4,93
96,9t
9t,96
98,MO
MO,98
99,Hb
Hb,99
